ability	tier	property	bonus
ability_afterburn	1	DPS	16
ability_afterburn	2	OutgoingTechDamagePercent	-35
ability_afterburn	3	BurnDuration	3
ability_blood_bomb	1	AbilityCooldown	-5
ability_blood_bomb	2	Damage	50
ability_blood_bomb	2	Radius	2m
ability_blood_bomb	3	BloodSpillDPSPercent	26
ability_blood_bomb	3	BloodSpillDuration	6
ability_blood_shards	1	AbilityCooldown	-3
ability_blood_shards	2	HealthToDamage	25.199999
ability_blood_shards	2	NumBloodShards	4
ability_blood_shards	2	SpreadAngleDegrees	22
ability_blood_shards	3	VulnerabilityPerStack	7
ability_bookworm_aoemagic	1	AbilityCooldown	-11
ability_bookworm_aoemagic	2	ImmobilizeDuration	1
ability_bookworm_aoemagic	3	DebuffDuration	6
ability_bookworm_aoemagic	3	Radius	1m
ability_bookworm_aoemagic	3	TechArmorDamageReduction	-18
ability_bookworm_dragonfire	1	GroundFlameDuration	2
ability_bookworm_dragonfire	1	Radius	1m
ability_bookworm_dragonfire	2	AbilityCooldown	-12
ability_bookworm_dragonfire	2	DragonTravelRange	10m
ability_bookworm_dragonfire	3	AbilityCharges	1
ability_bookworm_dragonfire	3	DPS	30
ability_bookworm_dragonfire	3	Damage	100
ability_bookworm_knightbarrier	1	BonusFireRate	14
ability_bookworm_knightbarrier	1	BonusFireRate	0.13
ability_bookworm_knightbarrier	2	AbilityDuration	2
ability_bookworm_knightbarrier	2	CombatBarrier	100
ability_bookworm_knightbarrier	3	BonusTargets	2
ability_bookworm_knightbarrier	3	BonusTargetsBarrierPercentage	75
ability_bookworm_knightbarrier	3	CombatBarrier	0.5
ability_bookworm_knightcharge	1	HealAmount	150
ability_bookworm_knightcharge	2	AbilityCooldown	-50
ability_bookworm_knightcharge	2	KnightCount	4
ability_bookworm_knightcharge	2	KnightCountInFirstWave	4
ability_bookworm_knightcharge	3	Damage	160
ability_bookworm_knightcharge	3	MaxAmp	50
ability_bookworm_knightcharge	3	StunDuration	0.5
ability_bounce_pad	1	AbilityCooldown	-10
ability_bounce_pad	2	SpeedOnLand	4m
ability_bounce_pad	2	SpeedOnLandDuration	4
ability_bounce_pad	3	StompStunDuration	0.7
ability_bullet_flurry	1	WeaponDamageBonus	7
ability_bullet_flurry	2	BonusFireRate	10
ability_bullet_flurry	2	ChannelMoveSpeed	3m
ability_bullet_flurry	3	AbilityCooldown	-75
ability_bullet_flurry	3	EvasionPercent	40
ability_burrow	1	DPS	50
ability_burrow	2	AbilityChannelTime	4
ability_burrow	2	Radius	2m
ability_burrow	3	AbilityCooldown	-20
ability_burrow	3	BonusMoveSpeed	4m
ability_charged_shot	1	AbilityCharges	1
ability_charged_shot	2	Damage	54
ability_charged_shot	3	AbilityCooldownBetweenCharge	-3
ability_charged_shot	3	Damage	1
ability_crackshot	1	FadingSlowPercent	25
ability_crackshot	2	Damage	49.5
ability_crackshot	3	AbilityCooldownPerHeadshot	-6
ability_crackshot	3	AbilityCooldownPerHeadshotNPC	-3
ability_doorman_bomb	1	AbilityCharges	1
ability_doorman_bomb	2	ExplosionDamage	40
ability_doorman_bomb	2	ImpactDamage	30
ability_doorman_bomb	3	ExplosionDamage	0.35
ability_doorman_bomb	3	ImpactDamage	0.35
ability_doorman_bomb	3	ProjectileFuse	26
ability_doorman_bomb	3	Radius	4.5m
ability_doorman_doorway	1	AbilityDuration	15
ability_doorman_doorway	2	BarrierDuration	12
ability_doorman_doorway	2	CombatBarrier	250
ability_doorman_doorway	2	CombatBarrier	1.5
ability_doorman_doorway	3	AbilityCastRange	30m
ability_doorman_doorway	3	DoorwayDistance	45m
ability_doorman_doorway	3	DoorwayDistance	0.15
ability_doorman_hotel	1	AbilityCooldown	-25
ability_doorman_hotel	1	StaminaDrain	1
ability_doorman_hotel	2	Damage	150
ability_doorman_hotel	2	LateCheckoutDamage	150
ability_doorman_hotel	2	LateCheckoutStun	1.5
ability_doorman_hotel	3	LateCheckoutCooldown	13
ability_doorman_hotel	3	UnstoppableWhileHotelOccupied	1
ability_doorman_luggage_cart	1	CartDamage	60
ability_doorman_luggage_cart	2	AbilityCastRange	20m
ability_doorman_luggage_cart	2	WallImpactDamage	75
ability_doorman_luggage_cart	2	WallImpactDamage	0.6
ability_doorman_luggage_cart	3	AbilityCooldown	-15
ability_doorman_luggage_cart	3	StunDuration	1.25
ability_drifter_hunger	1	BonusMoveSpeed	2m
ability_drifter_hunger	2	HealOnKillPct	18
ability_drifter_hunger	2	StaminaToRestore	2
ability_drifter_hunger	3	AmpDamagePercent	12
ability_explosive_barrel	1	AbilityCooldown	-10
ability_explosive_barrel	2	AbilityCharges	1
ability_explosive_barrel	3	AbilityCooldownBetweenCharge	-5
ability_explosive_barrel	3	BarrelDamage	100
ability_explosive_barrel	3	BarrelDamage	0.5
ability_familiar_ability01	1	ConsumeStaminaOnWake	1
ability_familiar_ability01	1	NoStaminaRegenDuringSleep	1
ability_familiar_ability01	2	Radius	3m
ability_familiar_ability01	2	SleepDuration	0.75
ability_familiar_ability01	3	AbilityCooldown	-65
ability_familiar_ability01	3	DamageResistPctWhileChanneling	50
ability_familiar_ability01	3	UnstoppableWhileChanneling	1
ability_familiar_ability02	1	AbilityCooldown	-7
ability_familiar_ability02	2	FireRateSlow	35
ability_familiar_ability02	2	Radius	2m
ability_familiar_ability02	3	AbilityCharges	1
ability_familiar_ability02	3	Damage	100
ability_familiar_attach	1	AbilityCooldown	-8
ability_familiar_attach	2	BonusBarrierAmpPercent	35
ability_familiar_attach	2	BonusItemDurationPercent	35
ability_familiar_attach	2	BonusItemRangePercent	35
ability_familiar_attach	3	BonusSpiritPower	35
ability_familiar_attach	3	HealingPerSecond	0.34
ability_familiar_attach	3	HopOffEffecDuration	10
ability_familiar_attach	3	MissingHealthBurstPct	0.02
ability_familiar_attach	3	TechPowerPercent	15
ability_familiar_helpinghands	1	HelperCount	1
ability_familiar_helpinghands	2	BonusMoveSpeed	1.5m
ability_familiar_helpinghands	2	TechArmorGain	8
ability_familiar_helpinghands	3	HelperCount	2
ability_familiar_helpinghands	3	InfestDamageTakenPercent	20
ability_fencer_lunge	1	HealFixedHealth	35
ability_fencer_lunge	1	HealFixedHealth	1
ability_fencer_lunge	2	AbilityCooldown	-12
ability_fencer_lunge	2	BulletResist	60
ability_fencer_lunge	2	DashBuffDuration	1.5
ability_fencer_lunge	3	AttackDashRange	3.0m
ability_fencer_lunge	3	BaseDamage	30
ability_fencer_lunge	3	BaseDamage	1.15
ability_fencer_lunge	3	DashSpeed	550
ability_fencer_lunge	3	MaxDamageBeforePerfect	45
ability_fencer_lunge	3	MaxDamageBeforePerfect	1.15
ability_fencer_lunge	3	PerfectDamage	65
ability_fencer_lunge	3	PerfectDamage	1.15
ability_fencer_riposte	1	AbilityCooldown	-7
ability_fencer_riposte	2	MeleeResistReduction	-30
ability_fencer_riposte	3	StunDuration	1.6
ability_fencer_throwblade	1	BonusBulletSpeedPercent	25
ability_fencer_throwblade	1	BonusFireRate	25
ability_fencer_throwblade	1	BuffDuration	8
ability_fencer_throwblade	2	ResetsAirLimit	1
ability_fencer_throwblade	2	StaminaToRestore	1
ability_fencer_throwblade	3	RecastTime	4
ability_fencer_ultimate	1	DashRange	8m
ability_fencer_ultimate	2	AbilityCooldown	-40
ability_fencer_ultimate	3	BonusDamagePercent	40
ability_fire_bomb	1	Damage	100
ability_fire_bomb	2	AbilityCooldown	-75
ability_fire_bomb	2	LifeStealPercentOnHit	100
ability_fire_bomb	3	Radius	10m
ability_fire_bomb	3	StunDuration	0.9
ability_flame_dash	1	AbilityCooldown	-12
ability_flame_dash	2	DPS	20
ability_flame_dash	2	GroundFlameDuration	1
ability_flame_dash	3	AbilityCharges	2
ability_flame_dash	3	AbilityCooldownBetweenCharge	14
ability_frank_painaura	1	DebuffDuration	0.5
ability_frank_painaura	1	EnemyDashSlowPercent	-25
ability_frank_painaura	1	SlowPercent	25
ability_frank_painaura	2	MaxDPS	34
ability_frank_painaura	2	MinDps	6
ability_frank_painaura	3	IncomingDamagePercent	15
ability_frank_painaura	3	Radius	1m
ability_frank_revive	1	BonusDamagePerBullet	6
ability_frank_revive	1	BonusDamagePerBullet	0.06
ability_frank_revive	1	BonusFireRate	15
ability_frank_revive	2	RespawnHealthPercent	50
ability_frank_revive	3	AbilityCooldown	-110
ability_frank_revive	3	Damage	175
ability_frank_revive	3	StunDuration	1.5
ability_frank_selfzap	1	BonusMoveSpeed	3m
ability_frank_selfzap	2	AbilityCooldown	-8
ability_frank_selfzap	2	TotalHealthRegen	70
ability_frank_selfzap	3	AbilityCharges	1
ability_frank_selfzap	3	StatusResistancePercent	50
ability_frank_selfzap	3	TotalHealthRegen	0.9
ability_frank_shocktarget2	1	SlowDuration	2s
ability_frank_shocktarget2	1	SlowPercent	40
ability_frank_shocktarget2	2	Damage	50
ability_frank_shocktarget2	3	Damage	0.6
ability_frank_shocktarget2	3	MissingHealthPercentHeal	15
ability_gravity_lasso	1	Damage	80
ability_gravity_lasso	2	AbilityDuration	0.75
ability_gravity_lasso	3	AbilityCooldown	-50
ability_guided_arrow	1	Damage	85
ability_guided_arrow	2	AbilityCooldown	-45
ability_guided_arrow	3	LowHealthEnemyThresholdPct	22
ability_health_swap	1	AbilityCooldown	-60
ability_health_swap	2	SilenceDuration	3
ability_health_swap	2	SilenceRadius	25m
ability_health_swap	3	BonusFireRate	40
ability_health_swap	3	BonusSpirit	60
ability_health_swap	3	SelfBuffDuration	8
ability_health_swap	3	TechResist	50
ability_ice_dome	1	AbilityCooldown	-25
ability_ice_dome	2	AbilityDuration	1.5
ability_ice_dome	3	BonusHealthRegen	65
ability_ice_dome	3	BonusHealthRegen	1
ability_ice_dome	3	PurgeOnCast	1
ability_ice_grenade	1	Damage	30
ability_ice_grenade	1	HealAmount	30
ability_ice_grenade	2	AbilityCooldown	-10
ability_ice_grenade	2	PauseStaminaRegen	1
ability_ice_grenade	3	Damage	0.8
ability_ice_grenade	3	HealAmount	0.9
ability_ice_grenade	3	Radius	2m
ability_icebeam	1	MaxFireRateSlowPercent	25
ability_icebeam	1	MaxSlowPercent	25
ability_icebeam	2	DPS	20
ability_icebeam	2	DPS	0.6
ability_icebeam	3	AbilityCooldown	-13
ability_icebeam	3	BeamSplit	10m
ability_icebeam	3	BeamSplit	0.93
ability_icebeam	3	BeamSplitCount	2
ability_icepath	1	BulletResist	35
ability_icepath	1	MoveSpeedBonus	2m
ability_icepath	2	AbilityCooldown	-25
ability_icepath	3	BonusSpirit	20
ability_icepath	3	BonusSpiritPct	35
ability_immobilize_trap	1	AbilityCooldown	-20
ability_immobilize_trap	2	BulletArmorReduction	-15
ability_immobilize_trap	2	DebuffDuration	10
ability_immobilize_trap	3	Radius	1.5m
ability_immobilize_trap	3	TetherDuration	1
ability_incendiary_projectile	1	AbilityCharges	1
ability_incendiary_projectile	2	LifestealPercentHero	15
ability_incendiary_projectile	3	HealAmpReceivePenaltyPercent	-33
ability_incendiary_projectile	3	HealAmpRegenPenaltyPercent	-33
ability_incendiary_projectile	3	IncomingDamagePercentFromCaster	17
ability_intimidate	1	Damage	35
ability_intimidate	2	AbilityCooldown	-5
ability_intimidate	2	Radius	1m
ability_intimidate	3	DamageBonus	15
ability_intimidate	3	DebuffDuration	16
ability_lash_flog	1	EnemySlowDuration	3
ability_lash_flog	1	EnemySlowPct	35
ability_lash_flog	2	AbilityCooldown	-16
ability_lash_flog	2	FireRateSlow	30
ability_lash_flog	3	Damage	80
ability_lash_flog	3	HealPctVsHeroes	20
ability_lash_flog	3	HealPctVsNonHeroes	6
ability_lash_flog	3	TargetingConeAngle	40
ability_life_drain	1	LifeDrainPerSecond	18
ability_life_drain	2	AbilityDuration	2.5
ability_life_drain	3	AbilityCharges	3
ability_life_drain	3	AbilityCooldownBetweenCharge	0.1
ability_life_drain	3	LifeDrainPerSecond	0.4
ability_magician_animalhexarea	1	AbilityCooldown	-10
ability_magician_animalhexarea	2	HexDuration	1
ability_magician_animalhexarea	3	DamageAmpPercentage	7
ability_magician_animalhexarea	3	Radius	3m
ability_magician_cloneturret	1	AbilityCooldown	-10
ability_magician_cloneturret	2	AbilityCastRange	5m
ability_magician_cloneturret	2	AbilityDuration	7
ability_magician_cloneturret	2	LeashRadius	5m
ability_magician_cloneturret	3	BonusFireRate	60
ability_magician_cloneturret	3	Damage	12.599999
ability_magician_magicbolt	1	DebuffDuration	5
ability_magician_magicbolt	1	FireRateSlow	25
ability_magician_magicbolt	2	AbilityCooldown	-13
ability_magician_magicbolt	3	CloneDamagePercentage	50
ability_magician_magicbolt	3	MaxDamage	126
ability_nano_catform	1	BuffDuration	15
ability_nano_catform	2	HealthRegen	15
ability_nano_catform	2	MaxBonusMoveSpeedPercent	45
ability_nano_catform	3	DamageAmpBuildDuration	10
ability_nano_catform	3	DamageAmpDuration	6
ability_nano_catform	3	OutgoingDamagePercent	20
ability_nano_clustergrenade	1	AbilityCooldown	-3
ability_nano_clustergrenade	2	MeleeResistReduction	-6
ability_nano_clustergrenade	2	MeleeResistReductionDuration	6
ability_nano_clustergrenade	3	GrenadeCount	3
ability_nano_dash	1	HealAmount	25
ability_nano_dash	2	BonusGoldOnKill	200
ability_nano_dash	2	BountyDuration	3
ability_nano_dash	3	CooldownRefundPercent	50
ability_nano_dash	3	ImpactDamage	60
ability_nano_shadow_pulse	1	AbilityCooldown	-25
ability_nano_shadow_pulse	2	BonusMoveSpeedPercent	20
ability_nano_shadow_pulse	2	Damage	75
ability_nano_shadow_pulse	3	HealAmount	450
ability_nano_shadow_pulse	3	RefundCooldowns	1
ability_necro_fear	1	MaxStolenSpiritResist	5
ability_necro_fear	2	MaxStolenAttackDamage	20
ability_necro_fear	3	SkullBuildUp	0.15
ability_necro_fear	3	ZombieExplosionBuildUp	1.0
ability_necro_fear	3	ZombieMeleeBuildUp	0.15
ability_necro_gravestone	1	AbilityCooldown	-20
ability_necro_gravestone	2	AbilityDuration	10
ability_necro_gravestone	2	MoveSpeedPercent	25
ability_necro_gravestone	3	CurrentHealthDamagePercentage	5
ability_necro_hauntingskull	1	HealPerPickup	5
ability_necro_hauntingskull	1	HealPerPickup	0.1
ability_necro_hauntingskull	2	SlowDuration	1
ability_necro_hauntingskull	2	SlowPercent	30
ability_necro_hauntingskull	3	SkullCount	2
ability_necro_hauntingskull	3	SkullLifetime	4
ability_necro_zombiewall	1	AbilityDuration	2
ability_necro_zombiewall	2	Damage	90
ability_necro_zombiewall	2	ZombieWallLength	10m
ability_necro_zombiewall	3	AbilityCooldown	-10
ability_necro_zombiewall	3	ImmobilizeDuration	0.75
ability_necro_zombiewall	3	SummonCount	1
ability_power_jump	1	SlowDuration	1.5
ability_power_jump	1	SlowPercent	30
ability_power_jump	1	WeaponDamageBonus	3
ability_power_jump	2	AbilityCooldown	-12
ability_power_jump	3	BulletLifestealPercent	30
ability_power_jump	3	EvasionPercent	30
ability_power_jump	3	TechLifestealPercent	30
ability_power_surge	1	AbilityCooldown	-18
ability_power_surge	2	BonusMoveSpeed	3m
ability_power_surge	2	BonusPerChain	8
ability_power_surge	2	BonusPerChain	0.23
ability_power_surge	2	DamagePerChain	8
ability_power_surge	2	DamagePerChain	0.23
ability_power_surge	3	AbilityDuration	10
ability_power_surge	3	DebuffDuration	10
ability_power_surge	3	TechResistDebuff	-15
ability_priest_beartrap	1	AbilityCooldown	-11
ability_priest_beartrap	2	ImmobilizeDuration	1.0
ability_priest_beartrap	3	AbilityCharges	1
ability_priest_beartrap	3	IncomingDamagePercentFromCaster	30
ability_priest_flashbang	1	AbilityCooldown	-5
ability_priest_flashbang	2	BurnDuration	1.0
ability_priest_flashbang	2	BurnRadius	1.5m
ability_priest_flashbang	2	Radius	1.5m
ability_priest_flashbang	3	AbilityCharges	1
ability_priest_flashbang	3	AbilityCooldownBetweenCharge	3
ability_priest_flashbang	3	HealAmpReceivePenaltyPercent	-20
ability_priest_flashbang	3	HealAmpRegenPenaltyPercent	-20
ability_priest_knockback	1	Damage	25
ability_priest_knockback	2	AbilityCooldown	-10
ability_priest_knockback	2	StunDuration	0.4
ability_priest_knockback	3	BuffDuration	5
ability_priest_weaponswap	1	BonusMoveSpeed	1.2m
ability_priest_weaponswap	2	AbilityCooldown	-15
ability_priest_weaponswap	2	BonusDamage	65
ability_priest_weaponswap	3	AllStakesBlessed	1
ability_punkgoat_blasted	1	BonusMoveSpeed	2.25m
ability_punkgoat_blasted	2	BulletDamageAmp	7
ability_punkgoat_blasted	2	GainSlamOnUse	1
ability_punkgoat_blasted	3	MaxHealthMelee	50
ability_punkgoat_blasted	3	MaxHealthMelee	0.6
ability_punkgoat_goatflip	1	WeaponDamageBurst	25
ability_punkgoat_goatflip	1	WeaponDamageBurstDuration	5
ability_punkgoat_goatflip	2	AbilityDuration	0.4
ability_punkgoat_goatflip	3	AbilityCooldown	-13
ability_punkgoat_goatflip	3	DealMaxHealthDamagePct	10
ability_punkgoat_goatflip	3	DealMaxHealthDamagePct	0.017
ability_punkgoat_tether	1	BulletResist	40
ability_punkgoat_tether	1	TechResist	40
ability_punkgoat_tether	2	AbilityCooldown	-50
ability_punkgoat_tether	3	AbilityCastRange	5m
ability_punkgoat_tether	3	UnstoppablePerHero	1.3
ability_punkgoat_ult	1	AbilityCooldown	-10
ability_punkgoat_ult	2	AbilityCastRange	2m
ability_punkgoat_ult	2	AbilityCharges	1
ability_punkgoat_ult	3	AbilityCooldownBetweenCharge	-3
ability_punkgoat_ult	3	CountsAsHeavyMelee	1
ability_punkgoat_ult	3	CountsAsLightMelee	-1
ability_punkgoat_ult	3	HeavyMeleeDamage	0.6
ability_punkgoat_ult	3	HeavyMeleeDamage	0
ability_punkgoat_ult	3	MeleeDamage	0
ability_punkgoat_ult	3	MeleeDamage	0
ability_sleep_dagger	1	BulletResistReduction	-8
ability_sleep_dagger	1	BulletResistReductionDuration	6
ability_sleep_dagger	2	AbilityCooldown	-17
ability_sleep_dagger	3	DebuffDuration	3
ability_sleep_dagger	3	GroundDashReductionPercent	-50
ability_sleep_dagger	3	SleepDuration	1
ability_sleep_dagger	3	SlowPercent	50
ability_smoke_bomb	1	InvisMoveSpeedMod	7m
ability_smoke_bomb	2	AbilityCharges	2
ability_smoke_bomb	2	AbilityCooldownBetweenCharge	7
ability_smoke_bomb	3	BulletLifesteal	40
ability_smoke_bomb	3	DispelOnUse	1
ability_smoke_bomb	3	PostInvisBuffDuration	5
ability_stacking_damage	1	ProcDamage	40
ability_stacking_damage	1	ProcDamage	0.8
ability_stacking_damage	1	ProcDamageStackCount	20
ability_stacking_damage	1	SlowDuration	2
ability_stacking_damage	1	SlowPercent	15
ability_stacking_damage	2	AbilityDuration	5
ability_stacking_damage	2	MaxStacks	40
ability_stacking_damage	3	DamageBonusFixedPerStack	0.14
ability_throw_sand	1	AbilityCastRange	5m
ability_throw_sand	1	Damage	50
ability_throw_sand	2	GroundDashReductionPercent	-25
ability_throw_sand	2	SlowPercent	25
ability_throw_sand	3	AbilityCooldown	-20
ability_throw_sand	3	AbilityDuration	1.5
ability_ult_combo	1	LifeStealPercentOnHit	100
ability_ult_combo	2	AbilityCooldown	-35
ability_ult_combo	2	BulletResist	50
ability_ult_combo	3	AbilityChannelTime	0.7
ability_ult_combo	3	DPS	40
ability_ult_combo	3	DPS	0.4
ability_unicorn_dazzlingorb	1	GroundDashReductionPercent	-15
ability_unicorn_dazzlingorb	1	SlowPercent	20
ability_unicorn_dazzlingorb	2	Damage	70
ability_unicorn_dazzlingorb	3	AbilityCooldown	-35
ability_unicorn_dazzlingorb	3	MaxBounces	8
ability_unicorn_luminousstrike	1	AbilityCharges	2
ability_unicorn_luminousstrike	2	AbilityCooldown	-22
ability_unicorn_luminousstrike	2	ImpactDamage	80
ability_unicorn_luminousstrike	3	FireRatePerStack	9
ability_unicorn_luminousstrike	3	MagicIncreasePerStack	3
ability_unicorn_prismaticguard	1	BonusMoveSpeed	3.5m
ability_unicorn_prismaticguard	2	CombatBarrier	80
ability_unicorn_prismaticguard	2	CombatBarrier	0.7
ability_unicorn_prismaticguard	3	AbilityCooldown	-18
ability_unicorn_prismaticguard	3	DebuffDuration	1.5
ability_unicorn_radiantblast	1	AbilityLifestealPercentHero	15
ability_unicorn_radiantblast	2	AbilityCastRange	3m
ability_unicorn_radiantblast	2	AbilityCooldown	-10
ability_unicorn_radiantblast	3	Damage	25
ability_unicorn_radiantblast	3	Damage	0.2
ability_vampirebat_batblink	1	BonusBullets	8
ability_vampirebat_batblink	1	BonusFireRate	25
ability_vampirebat_batblink	1	BuffDuration	8
ability_vampirebat_batblink	2	AbilityCooldown	-10
ability_vampirebat_batblink	3	MaxRecasts	1
ability_vampirebat_batswarm	1	Damage	1.74
ability_vampirebat_batswarm	2	AbilityCooldown	-55
ability_vampirebat_batswarm	3	CurrentHealthPercent	0.5
ability_vampirebat_lovebites	1	SlowDuration	3
ability_vampirebat_lovebites	1	SlowPercent	30
ability_vampirebat_lovebites	2	BonusDamage	45
ability_vampirebat_lovebites	2	MagicDamagePerBullet	3
ability_vampirebat_lovebites	3	BonusFireRate	25
ability_vampirebat_lovebites	3	BuffDuration	5
ability_vampirebat_lovebites	3	PerTargetCooldown	-5
ability_vampirebat_steallife	1	Damage	60
ability_vampirebat_steallife	2	AbilityCooldown	-8
ability_vampirebat_steallife	2	RakeHealPerKill	30
ability_vampirebat_steallife	3	MissingHealthDamagePercentage	7
ability_vampirebat_steallife	3	RakeHealPerKill	1.2
ability_viper_debuffdagger	1	AbilityCharges	1
ability_viper_debuffdagger	2	BulletResistReduction	-8
ability_viper_debuffdagger	2	BulletResistReductionPerStack	-6
ability_viper_debuffdagger	3	CooldownRefundPercent	55
ability_viper_debuffdagger	3	MaxStacks	2
ability_viper_petrifybola	1	PetrifyDamage	49.5
ability_viper_petrifybola	2	AbilityCooldown	-25
ability_viper_petrifybola	3	PetrifyDuration	1.0
ability_viper_snakedash	1	SlideScale	20
ability_viper_snakedash	2	Stamina	2
ability_viper_snakedash	3	AbilityCooldown	8
ability_viper_snakedash	3	BuffDuration	5
ability_viper_snakedash	3	CombatBarrier	180
ability_viper_snakedash	3	CombatBarrier	0.6
ability_viper_venom	1	VenomMaxDamage	31.5
ability_viper_venom	2	AbilityCooldown	-12
ability_viper_venom	2	HealAmpReceivePenaltyPercent	-40
ability_viper_venom	2	HealAmpRegenPenaltyPercent	-40
ability_viper_venom	3	BuildUpPerShot	4.5
ability_warden_crowd_control	1	StaminaReduction	1
ability_warden_crowd_control	2	Damage	35
ability_warden_crowd_control	2	WeaponPowerDebuff	-25
ability_warden_crowd_control	3	AbilityCooldown	-7
ability_warden_crowd_control	3	FireRateSlow	30
ability_warden_crowd_control	3	Radius	2m
ability_warden_high_alert	1	MoveSpeedBonusPct	20
ability_warden_high_alert	2	AbilityCooldown	-22
ability_warden_high_alert	2	AbilityDuration	2
ability_warden_high_alert	3	CombatBarrier	2.5
ability_warden_high_alert	3	StatusResistancePercent	40
ability_warden_lock_down	1	BulletArmorReduction	20
ability_warden_lock_down	1	BulletArmorReductionDuration	5
ability_warden_lock_down	2	ImmobilizeDuration	0.75
ability_warden_lock_down	3	AbilityCooldown	-14
ability_warden_lock_down	3	SilenceDebuff	1
ability_warden_riot_protocol	1	Radius	4m
ability_warden_riot_protocol	2	AbilityCooldown	-35
ability_warden_riot_protocol	2	PulseDPS	40.5
ability_warden_riot_protocol	3	AbilityDuration	4
ability_warden_riot_protocol	3	BulletResist	30
ability_warden_riot_protocol	3	TechResist	30
ability_warden_riot_protocol	3	UnstoppableCastDelay	1
ability_werewolf_kickflip	1	AbilityCooldown	-6
ability_werewolf_kickflip	2	StaminaRestore	2
ability_werewolf_kickflip	3	BonusDamage	80
ability_werewolf_kickflip	3	DebuffDuration	5
ability_werewolf_kickflip	3	OutgoingDamagePercent	-35
ability_werewolf_netshot	1	SlowPercent	25
ability_werewolf_netshot	2	AbilityCooldown	-8
ability_werewolf_netshot	3	DebuffDuration	0.75
ability_werewolf_netshot	3	RicochetCount	2
ability_werewolf_netshot	3	RicochetRange	15m
ability_werewolf_transformation	1	BulletResist	20
ability_werewolf_transformation	1	TechResist	20
ability_werewolf_transformation	2	BonusHealth	200
ability_werewolf_transformation	2	BonusMoveSpeed	4m
ability_werewolf_transformation	3	KillCreditWindow	1.5
ability_werewolf_transformation	3	KillDurationBonus	15
ability_werewolf_unloadgun	1	BaseAttackDamagePercent	15
ability_werewolf_unloadgun	2	AbilityCooldown	-10
ability_werewolf_unloadgun	3	BonusCurrentHealthDamagePercentage	7
ability_werewolf_unloadgun	3	MaxStacks	3
ability_werewolf_unloadgun	3	StackDuration	3
citadel_ability_bebop_laser_beam	1	AbilityCooldown	-25
citadel_ability_bebop_laser_beam	2	DPS	108
citadel_ability_bebop_laser_beam	3	BeamLifesteal	65
citadel_ability_bebop_laser_beam	3	BeamLifestealNonHeroPercent	20
citadel_ability_bull_charge	1	SlowDuration	3
citadel_ability_bull_charge	1	SlowPercent	40
citadel_ability_bull_charge	2	StunDuration	0.8
citadel_ability_bull_charge	3	AbilityCooldown	-20
citadel_ability_bull_charge	3	WeaponDamageBonus	1.5
citadel_ability_bull_charge	3	WeaponPowerIncreaseDuration	6
citadel_ability_bull_heal	1	AbilityCooldown	-20
citadel_ability_bull_heal	2	AbilityDuration	2
citadel_ability_bull_heal	3	DPS	18
citadel_ability_bull_heal	3	DPS	0.12
citadel_ability_bull_heal	3	Radius	3m
citadel_ability_bull_leap	1	AbilityCooldown	-35
citadel_ability_bull_leap	2	StunDuration	0.8
citadel_ability_bull_leap	3	ImmunityDuration	6
citadel_ability_bull_leap	3	ImpactRadius	6m
citadel_ability_card_toss	1	AbilityCharges	2
citadel_ability_card_toss	2	Damage	40
citadel_ability_card_toss	2	Damage	0.4
citadel_ability_card_toss	3	ClubSlowPercent	-20
citadel_ability_card_toss	3	DiamondResistShred	-5
citadel_ability_card_toss	3	HeartHeal	75
citadel_ability_card_toss	3	HeartHeal	0.5
citadel_ability_card_toss	3	ImprovedJokerChance	1
citadel_ability_card_toss	3	SpadeDamageBonus	40
citadel_ability_chrono_kinetic_carbine	1	MaxSlowDuration	0.4
citadel_ability_chrono_kinetic_carbine	2	AbilityCooldown	-12
citadel_ability_chrono_kinetic_carbine	3	MaxBonusBulletDamage	55
citadel_ability_chrono_kinetic_carbine	3	SpeedBoostDuration	2
citadel_ability_chrono_pulse_grenade	1	AbilityCooldown	-12
citadel_ability_chrono_pulse_grenade	2	PulseDamage	20
citadel_ability_chrono_pulse_grenade	2	PulseDamage	0.5
citadel_ability_chrono_pulse_grenade	3	AbilityDuration	1.6
citadel_ability_chrono_pulse_grenade	3	DamageAmplificationPerStack	4
citadel_ability_chrono_swap	1	BarrierDuration	8
citadel_ability_chrono_swap	1	CombatBarrier	200
citadel_ability_chrono_swap	1	CombatBarrier	1.5
citadel_ability_chrono_swap	2	AbilityCastRange	13m
citadel_ability_chrono_swap	2	AbilityCooldown	-35
citadel_ability_chrono_swap	3	MaxHealthDamage	10
citadel_ability_chrono_swap	3	MultiSwap	7m
citadel_ability_chrono_time_wall	1	AbilityDuration	3.5
citadel_ability_chrono_time_wall	1	TimeWallHeight	1m
citadel_ability_chrono_time_wall	1	TimeWallWidth	3m
citadel_ability_chrono_time_wall	2	DebuffDuration	2.3
citadel_ability_chrono_time_wall	2	FriendlyBulletDamageBonus	35
citadel_ability_chrono_time_wall	3	AbilityCharges	3
citadel_ability_chrono_time_wall	3	AbilityCooldownBetweenCharge	2
citadel_ability_fissure_wall	1	BonusDamagePercent	20
citadel_ability_fissure_wall	1	DebuffDuration	7
citadel_ability_fissure_wall	2	AbilityCooldown	-20
citadel_ability_fissure_wall	2	AbilityDuration	2
citadel_ability_fissure_wall	3	CreateTurrets	2
citadel_ability_fissure_wall	3	SlowPercent	30
citadel_ability_fissure_wall	3	TurretLifeTime	8
citadel_ability_flying_strike	1	AbilityCooldown	-18
citadel_ability_flying_strike	2	BuffDuration	6
citadel_ability_flying_strike	2	SpiritBonus	40
citadel_ability_flying_strike	3	AbilityCastRange	15m
citadel_ability_flying_strike	3	AbilityCharges	3
citadel_ability_flying_strike	3	AbilityCooldownBetweenCharge	3
citadel_ability_flying_strike	3	CanGrappleAllyHeroes	1
citadel_ability_healing_slash	1	BuffDuration	4
citadel_ability_healing_slash	1	BuffMeleeDamage	30
citadel_ability_healing_slash	2	HealMaxHealth	6
citadel_ability_healing_slash	3	AbilityCooldown	-10
citadel_ability_healing_slash	3	Damage	0.6
citadel_ability_hook	1	BulletAmp	20
citadel_ability_hook	1	BulletAmpDuration	6
citadel_ability_hook	2	AbilityCastRange	30m
citadel_ability_hook	3	AbilityCooldown	-11.5
citadel_ability_hornet_chain	1	Damage	65
citadel_ability_hornet_chain	2	AbilityCooldown	-20
citadel_ability_hornet_chain	3	CaptureRadius	2m
citadel_ability_hornet_chain	3	ChainDuration	0.75
citadel_ability_hornet_leap	1	BonusClipSizePercent	50
citadel_ability_hornet_leap	2	AbilityDuration	10
citadel_ability_hornet_leap	3	MagicDamagePerBullet	10
citadel_ability_hornet_leap	3	MagicDamagePerBullet	0.1
citadel_ability_hornet_leap	3	RefreshOnKill	1
citadel_ability_hornet_snipe	1	AbilityCooldown	-20
citadel_ability_hornet_snipe	2	LowHealthEnemyDamageBonus	80
citadel_ability_hornet_snipe	3	WeaponDamageBonusPerKill	4
citadel_ability_hornet_sting	1	HealAmpReceivePenaltyPercent	-35
citadel_ability_hornet_sting	1	HealAmpRegenPenaltyPercent	-35
citadel_ability_hornet_sting	2	AbilityCooldown	-12
citadel_ability_hornet_sting	2	DotHealthPercent	0.5
citadel_ability_hornet_sting	3	BulletResistReduction	-8
citadel_ability_hornet_sting	3	DebuffDuration	2
citadel_ability_hornet_sting	3	TechArmorDamageReduction	-8
citadel_ability_infinity_slash	1	WeaponDamageBonus	7
citadel_ability_infinity_slash	2	AbilityCooldown	-25
citadel_ability_infinity_slash	2	BonusMoveSpeed	4m
citadel_ability_infinity_slash	3	AbilityDuration	3.0
citadel_ability_infinity_slash	3	BulletResist	30
citadel_ability_infinity_slash	3	TechResist	30
citadel_ability_lash	1	AbilityCooldown	-17
citadel_ability_lash	2	AbilityCastRange	20m
citadel_ability_lash	2	WeaponDamageBonus	7
citadel_ability_lash	2	WeaponDamageBonusDuration	10
citadel_ability_lash	3	AbilityCharges	1
citadel_ability_lash	3	AirControlPercent	60
citadel_ability_lash	3	RestoreStaminaOnUse	1
citadel_ability_lash_down_strike	1	AbilityCooldown	-10
citadel_ability_lash_down_strike	2	EnemySlowPct	50
citadel_ability_lash_down_strike	2	SlowDuration	3
citadel_ability_lash_down_strike	2	StompBounceHeight	400
citadel_ability_lash_down_strike	2	TossDuration	1
citadel_ability_lash_down_strike	3	StompDamagePerMeterPrimary	0.03255
citadel_ability_lash_down_strike	3	StompDamagePerMeterPrimary	113
citadel_ability_lash_down_strike	3	StompDamagePerMeterSecondary	0.008137
citadel_ability_lash_down_strike	3	StompDamagePerMeterSecondary	113
citadel_ability_lash_ultimate	1	ThrowDistance	12m
citadel_ability_lash_ultimate	2	AbilityCooldown	-40
citadel_ability_lash_ultimate	3	AbilityCastRange	6m
citadel_ability_lash_ultimate	3	StunDuration	1.2
citadel_ability_lightning_ball	1	AbilityCharges	1
citadel_ability_lightning_ball	2	MaxLifetime	1
citadel_ability_lightning_ball	2	SlowPercent	35
citadel_ability_lightning_ball	3	DPS	58.5
citadel_ability_lightning_ball	3	ShockRadius	1.5m
citadel_ability_mobile_resupply	1	SpiritResist	40
citadel_ability_mobile_resupply	2	AbilityCooldown	-20
citadel_ability_mobile_resupply	2	StaminaCooldownReduction	100
citadel_ability_mobile_resupply	3	AbilityDuration	1.5
citadel_ability_mobile_resupply	3	HealRadius	3m
citadel_ability_mobile_resupply	3	MaxHealthRegenPct	2.0
citadel_ability_nikuman	1	MovementSpeedBonus	4m
citadel_ability_nikuman	1	MovementSpeedBonusDuration	8
citadel_ability_nikuman	2	AbilityChannelTime	1
citadel_ability_nikuman	2	AbilityCooldown	-20
citadel_ability_nikuman	3	HealMaxHealthPercent	2.5
citadel_ability_nikuman	3	NoChannel	1
citadel_ability_passive_beefy	1	BonusMaxHealth	200
citadel_ability_passive_beefy	2	MeleeLifesteal	18
citadel_ability_passive_beefy	3	RegenIncomingDamagePercent	8
citadel_ability_passive_beefy	3	StatusResistancePercent	20
citadel_ability_power_slash	1	SlowDuration	3
citadel_ability_power_slash	1	SlowPercent	40
citadel_ability_power_slash	2	AbilityCooldown	-4
citadel_ability_power_slash	3	FullChargeDamage	150
citadel_ability_power_slash	3	FullChargeDamage	0.5
citadel_ability_power_slash	3	SlashLength	8m
citadel_ability_projectmind	1	AbilityCastRange	15m
citadel_ability_projectmind	2	BarrierDuration	5
citadel_ability_projectmind	2	CombatBarrier	300
citadel_ability_projectmind	2	CombatBarrier	1.7
citadel_ability_projectmind	3	AbilityCooldown	-32
citadel_ability_psychic_lift	1	Damage	100
citadel_ability_psychic_lift	2	AbilityCooldown	-50
citadel_ability_psychic_lift	3	AbilityCastRange	6m
citadel_ability_psychic_lift	3	AbilityDuration	1.5
citadel_ability_psychic_lift	3	TossDistance	6m
citadel_ability_rocket_barrage	1	EnemyDashSlowPercent	-18
citadel_ability_rocket_barrage	1	MoveSlowDuration	1
citadel_ability_rocket_barrage	1	MoveSlowPercent	30
citadel_ability_rocket_barrage	2	AbilityCooldown	-55
citadel_ability_rocket_barrage	2	AbilityDuration	6
citadel_ability_rocket_barrage	3	DamagePerRocket	15
citadel_ability_rocket_barrage	3	DamagePerRocket	0.16
citadel_ability_rocket_barrage	3	ExplosionRadius	2m
citadel_ability_self_vacuum	1	VacuumRadius	2m
citadel_ability_self_vacuum	2	AbilityChannelTime	0.75
citadel_ability_self_vacuum	3	DPSPercentHealth	6
citadel_ability_shieldedsentry	1	TurretAttackRange	10m
citadel_ability_shieldedsentry	1	TurretDPS	10
citadel_ability_shieldedsentry	2	AbilityCharges	2
citadel_ability_shieldedsentry	3	AttackSpeedMult	25
citadel_ability_shieldedsentry	3	TurretLifetime	12
citadel_ability_shiv_dagger	1	BleedDuration	2
citadel_ability_shiv_dagger	2	AbilityCharges	2
citadel_ability_shiv_dagger	3	BleedDPSPerStack	12
citadel_ability_shiv_dagger	3	BleedDPSPerStack	0.09
citadel_ability_shiv_dash	1	AbilityCooldown	-6
citadel_ability_shiv_dash	2	DashRange	2m
citadel_ability_shiv_dash	2	TechArmorDamageReduction	-6
citadel_ability_shiv_dash	3	CooldownReductionOnHit	2
citadel_ability_shiv_dash	3	CooldownReductionOnHitNonHero	1
citadel_ability_shiv_dash	3	ImpactDamage	50
citadel_ability_shiv_dash	3	MaxCooldownReductionsFromHits	8
citadel_ability_shiv_defer_damage	1	AbilityCooldown	-10
citadel_ability_shiv_defer_damage	2	DamagePctDeferred	15
citadel_ability_shiv_defer_damage	3	DeferClearPct	50
citadel_ability_shiv_killing_blow	1	BonusMoveSpeed	2m
citadel_ability_shiv_killing_blow	2	AbilityCooldown	-30
citadel_ability_shiv_killing_blow	2	BuffDamage	10
citadel_ability_shiv_killing_blow	3	EnemyHealthPercent	5
citadel_ability_shiv_killing_blow	3	RecastWindow	20
citadel_ability_static_charge	1	AbilityCooldown	-20
citadel_ability_static_charge	2	AbilityCastRange	5m
citadel_ability_static_charge	2	ShockRadius	7m
citadel_ability_static_charge	3	Damage	160
citadel_ability_static_charge	3	StunDuration	0.9
citadel_ability_sticky_bomb	1	AbilityCooldown	-8
citadel_ability_sticky_bomb	2	Damage	85
citadel_ability_sticky_bomb	3	MovementSpeedBonus	5m
citadel_ability_sticky_bomb	3	MovementSpeedBonusDuration	6
citadel_ability_sticky_bomb	3	StatusResistancePercent	25
citadel_ability_stomp	1	AbilityCharges	1
citadel_ability_stomp	2	BulletResistReduction	-15
citadel_ability_stomp	2	SlowDuration	4
citadel_ability_stomp	2	SlowPercent	30
citadel_ability_stomp	3	Damage	135
citadel_ability_stomp	3	StompRange	20m
citadel_ability_storm_cloud	1	BulletResistOnActive	55
citadel_ability_storm_cloud	2	AbilityChannelTime	7
citadel_ability_storm_cloud	2	Radius	10m
citadel_ability_storm_cloud	3	DPS	65
citadel_ability_storm_cloud	3	FlightControlEnabled	4m
citadel_ability_tangotether	1	MoveSpeedBonus	2m
citadel_ability_tangotether	2	BonusFireRate	8
citadel_ability_tangotether	2	BulletLifestealPercent	8
citadel_ability_tangotether	3	AbilityCooldown	-37
citadel_ability_tangotether	3	AbilityDuration	-13
citadel_ability_tengu_airlift	1	AirDropBulletShield	300
citadel_ability_tengu_airlift	1	AirDropBulletShield	0.7
citadel_ability_tengu_airlift	2	DebuffDuration	3
citadel_ability_tengu_airlift	2	SlowPercent	40
citadel_ability_tengu_airlift	3	AirDropBulletShield	1.0
citadel_ability_tengu_airlift	3	ExplodeDamage	1.5
citadel_ability_tengu_airlift	3	SilenceDuration	3
citadel_ability_tengu_stone_form	1	MaxHealthRegen	7
citadel_ability_tengu_stone_form	2	AbilityCooldown	-25
citadel_ability_tengu_stone_form	3	Damage	1.7
citadel_ability_tengu_stone_form	3	StunDuration	1
citadel_ability_tengu_urn	1	AbilityCharges	1
citadel_ability_tengu_urn	2	DPS	0.5
citadel_ability_tengu_urn	2	Radius	2m
citadel_ability_tengu_urn	3	EntangleDuration	1.6
citadel_ability_tengu_urn	3	TimeToEntangle	2
citadel_ability_uppercut	1	AbilityCooldown	-11
citadel_ability_uppercut	2	BuffBaseWeaponPct	30
citadel_ability_uppercut	2	UppercutBuffOnHit	9
citadel_ability_uppercut	3	MissingHPHeal	18
citadel_ability_uppercut	3	RestoreHookCooldown	1
citadel_ability_void_sphere	1	AbilityCastRange	6m
citadel_ability_void_sphere	2	AbilityCooldown	-6
citadel_ability_void_sphere	3	ChargeReplenish	1
citadel_ability_void_sphere	3	ReduceDebuffs	50
citadel_ability_wraith_rapidfire	1	AbilityCooldown	-20
citadel_ability_wraith_rapidfire	2	AbilityDuration	3
citadel_ability_wraith_rapidfire	2	BonusFireRate	10
citadel_ability_wraith_rapidfire	3	MagicDamagePerBullet	0.06
citadel_ability_wraith_rapidfire	3	UnlimitedAmmo	1
drifter_blood_blast	1	BonusDamage	40
drifter_blood_blast	2	AbilityCooldown	-7
drifter_blood_blast	3	Damage	0
drifter_blood_blast	3	DamageHeavyMelee	0.55
drifter_blood_blast	3	DebuffDuration	2.3
drifter_blood_blast	3	UseHeavyMelee	1
drifter_darkness	1	BonusSprintSpeed	10m
drifter_darkness	2	AbilityCooldown	-45
drifter_darkness	3	AbilityDuration	2.5
drifter_darkness	3	MaxTargets	1
drifter_shadow_mark	1	BulletResistReduction	-8
drifter_shadow_mark	2	AbilityCooldown	-8
drifter_shadow_mark	2	AbilityDuration	3
drifter_shadow_mark	3	DotHealthPercent	2
drifter_shadow_mark	3	HealAmpReceivePenaltyPercent	-40
drifter_shadow_mark	3	HealAmpRegenPenaltyPercent	-40
genericperson_ability_1	1	AbilityCooldown	-0.75
genericperson_ability_1	2	AbilityCooldown	-0.75
genericperson_ability_1	3	AbilityCooldown	-0.75
genericperson_ability_2	1	AbilityCooldown	-0.75
genericperson_ability_2	2	AbilityCooldown	-0.75
genericperson_ability_2	3	AbilityCooldown	-0.75
genericperson_ability_3	1	AbilityCooldown	-0.75
genericperson_ability_3	2	AbilityCooldown	-0.75
genericperson_ability_3	3	AbilityCooldown	-0.75
genericperson_ability_4	1	AbilityCooldown	-0.75
genericperson_ability_4	2	AbilityCooldown	-0.75
genericperson_ability_4	3	AbilityCooldown	-0.75
mirage_fire_beetles	1	DPS	7
mirage_fire_beetles	2	AbilityCharges	2
mirage_fire_beetles	3	DPS	0.17
mirage_fire_beetles	3	OutgoingDamagePenaltyPercent	-15
mirage_sand_phantom	1	MovementSpeedSlow	60
mirage_sand_phantom	1	SlowDuration	0.8
mirage_sand_phantom	2	ProcDamageBase	20
mirage_sand_phantom	2	VictimStackDuration	3
mirage_sand_phantom	3	AbilityCooldown	-1
mirage_sand_phantom	3	MaxStacks	1
mirage_sand_phantom	3	ProcCooldown	-1
mirage_sand_phantom	3	StunDuration	0.5
mirage_teleport	1	BonusFireRate	20
mirage_teleport	1	BonusMoveSpeed	3m
mirage_teleport	1	MovementSpeedBonusDuration	12
mirage_teleport	2	CombatBarrier	400
mirage_teleport	2	CombatBarrier	0.6
mirage_teleport	3	AbilityCooldown	-80
mirage_tornado	1	Damage	60
mirage_tornado	2	AbilityCooldown	-12
mirage_tornado	2	WhirlwindEvasionChance	30
mirage_tornado	3	Damage	1
mirage_tornado	3	HoldInPlaceDuration	0.3
mirage_tornado	3	RecastWindow	6
synth_affliction	1	AbilityCooldown	-40
synth_affliction	2	DebuffDuration	3
synth_affliction	2	Radius	4m
synth_affliction	3	DPS	14
synth_affliction	3	DPS	0.11
synth_affliction	3	DisableHealing	1
synth_barrage	1	DamagePerProjectile	16
synth_barrage	2	AbilityCooldown	-16
synth_barrage	3	AmpPercentPerStack	4
synth_barrage	3	Radius	3m
synth_plasma_flux	1	Damage	70
synth_plasma_flux	2	WeaponDamageBonus	5
synth_plasma_flux	2	WeaponDamageBonusDuration	6
synth_plasma_flux	3	AbilityCooldown	-12
synth_plasma_flux	3	MaxLifetime	1.6
synth_pulse	1	AbilityCooldown	-5
synth_pulse	2	Damage	90
synth_pulse	3	AbilityChannelTime	1.5
synth_pulse	3	DebuffDuration	4.0
synth_pulse	3	FireRateSlow	40
synth_pulse	3	MoveSlowPercent	40
synth_pulse	3	Radius	4m
targetdummy_ability_1	1	AbilityCooldown	-0.75
targetdummy_ability_1	2	AbilityCooldown	-0.75
targetdummy_ability_1	3	AbilityCooldown	-0.75
targetdummy_ability_2	1	AbilityCooldown	-0.75
targetdummy_ability_2	2	AbilityCooldown	-0.75
targetdummy_ability_2	3	AbilityCooldown	-0.75
targetdummy_ability_3	1	AbilityCooldown	-0.75
targetdummy_ability_3	2	AbilityCooldown	-0.75
targetdummy_ability_3	3	AbilityCooldown	-0.75
targetdummy_ability_4	1	AbilityCooldown	-0.75
targetdummy_ability_4	2	AbilityCooldown	-0.75
targetdummy_ability_4	3	AbilityCooldown	-0.75
viscous_goo_bowling_ball	1	AbilityCooldown	-30
viscous_goo_bowling_ball	2	BulletResist	10
viscous_goo_bowling_ball	2	Damage	70
viscous_goo_bowling_ball	2	TechResist	10
viscous_goo_bowling_ball	3	AbilityDuration	6
viscous_goo_bowling_ball	3	StunDuration	0.3
viscous_goo_grenade	1	Damage	36
viscous_goo_grenade	1	Radius	2m
viscous_goo_grenade	2	AbilityCooldown	-14
viscous_goo_grenade	3	Damage	1.1
viscous_goo_grenade	3	MaxBounces	2
viscous_restorative_goo	1	BonusMoveSpeed	2.5m
viscous_restorative_goo	1	PostCubeBuff	1
viscous_restorative_goo	1	StaminaCooldownReduction	30
viscous_restorative_goo	2	AbilityDuration	1
viscous_restorative_goo	2	BonusHealthRegen	25
viscous_restorative_goo	3	AbilityCooldown	-25
viscous_restorative_goo	3	PurgeDebuffs	1
viscous_telepunch	1	AbilityCharges	1
viscous_telepunch	1	Damage	20
viscous_telepunch	2	LifeStealPercentOnHit	60
viscous_telepunch	2	Radius	1.5m
viscous_telepunch	3	AbilityCooldown	-12
viscous_telepunch	3	Damage	0
viscous_telepunch	3	Damage	-40
viscous_telepunch	3	DamageHeavyMelee	0.6
viscous_telepunch	3	DamageHeavyMelee	40
viscous_telepunch	3	UseHeavyMelee	1
